Dia,Hora de início,Impressões
Domingo,00,0
Domingo,01,0
Domingo,02,0
Domingo,03,0
Domingo,04,0
Domingo,05,0
Domingo,06,0
Domingo,07,0
Domingo,08,0
Domingo,09,0
Domingo,10,10
Domingo,11,6
Domingo,12,8
Domingo,13,11
Domingo,14,0
Domingo,15,0
Domingo,16,0
Domingo,17,0
Domingo,18,0
Domingo,19,0
Domingo,20,0
Domingo,21,0
Domingo,22,0
Domingo,23,0
Segunda-feira,00,0
Segunda-feira,01,0
Segunda-feira,02,0
Segunda-feira,03,0
Segunda-feira,04,0
Segunda-feira,05,0
Segunda-feira,06,0
Segunda-feira,07,0
Segunda-feira,08,0
Segunda-feira,09,11
Segunda-feira,10,5
Segunda-feira,11,0
Segunda-feira,12,3
Segunda-feira,13,13
Segunda-feira,14,15
Segunda-feira,15,9
Segunda-feira,16,6
Segunda-feira,17,6
Segunda-feira,18,11
Segunda-feira,19,6
Segunda-feira,20,14
Segunda-feira,21,0
Segunda-feira,22,0
Segunda-feira,23,0
Terça-feira,00,0
Terça-feira,01,0
Terça-feira,02,0
Terça-feira,03,0
Terça-feira,04,0
Terça-feira,05,0
Terça-feira,06,0
Terça-feira,07,0
Terça-feira,08,1
Terça-feira,09,0
Terça-feira,10,0
Terça-feira,11,1
Terça-feira,12,4
Terça-feira,13,4
Terça-feira,14,18
Terça-feira,15,10
Terça-feira,16,3
Terça-feira,17,9
Terça-feira,18,8
Terça-feira,19,1
Terça-feira,20,2
Terça-feira,21,0
Terça-feira,22,0
Terça-feira,23,0
Quarta-feira,00,0
Quarta-feira,01,0
Quarta-feira,02,0
Quarta-feira,03,0
Quarta-feira,04,0
Quarta-feira,05,0
Quarta-feira,06,0
Quarta-feira,07,0
Quarta-feira,08,2
Quarta-feira,09,3
Quarta-feira,10,5
Quarta-feira,11,0
Quarta-feira,12,6
Quarta-feira,13,9
Quarta-feira,14,15
Quarta-feira,15,1
Quarta-feira,16,10
Quarta-feira,17,3
Quarta-feira,18,6
Quarta-feira,19,5
Quarta-feira,20,10
Quarta-feira,21,0
Quarta-feira,22,0
Quarta-feira,23,0
Quinta-feira,00,0
Quinta-feira,01,0
Quinta-feira,02,0
Quinta-feira,03,0
Quinta-feira,04,0
Quinta-feira,05,0
Quinta-feira,06,0
Quinta-feira,07,0
Quinta-feira,08,2
Quinta-feira,09,0
Quinta-feira,10,3
Quinta-feira,11,0
Quinta-feira,12,7
Quinta-feira,13,6
Quinta-feira,14,0
Quinta-feira,15,6
Quinta-feira,16,8
Quinta-feira,17,8
Quinta-feira,18,6
Quinta-feira,19,4
Quinta-feira,20,2
Quinta-feira,21,0
Quinta-feira,22,0
Quinta-feira,23,0
Sexta-feira,00,0
Sexta-feira,01,0
Sexta-feira,02,0
Sexta-feira,03,0
Sexta-feira,04,0
Sexta-feira,05,0
Sexta-feira,06,0
Sexta-feira,07,0
Sexta-feira,08,4
Sexta-feira,09,5
Sexta-feira,10,0
Sexta-feira,11,7
Sexta-feira,12,10
Sexta-feira,13,10
Sexta-feira,14,9
Sexta-feira,15,28
Sexta-feira,16,2
Sexta-feira,17,14
Sexta-feira,18,5
Sexta-feira,19,5
Sexta-feira,20,4
Sexta-feira,21,0
Sexta-feira,22,0
Sexta-feira,23,0
Sábado,00,0
Sábado,01,0
Sábado,02,0
Sábado,03,0
Sábado,04,0
Sábado,05,0
Sábado,06,0
Sábado,07,0
Sábado,08,1
Sábado,09,2
Sábado,10,2
Sábado,11,7
Sábado,12,6
Sábado,13,6
Sábado,14,2
Sábado,15,13
Sábado,16,14
Sábado,17,9
Sábado,18,3
Sábado,19,1
Sábado,20,6
Sábado,21,0
Sábado,22,0
Sábado,23,0
