Palavra-chave da rede de pesquisa,Tipo de corresp.,Status do critério,Status da campanha,Status do grupo de anúncios,Custo,Cliques,CTR
farmácia perto de mim,Corresp. de frase,Ativado,Ativado,Ativado,"R$ 36,09",33,"10,09%"
farmácia osvaldo cruz,Corresp. de frase,Ativado,Ativado,Ativado,"R$ 25,60",24,"20,51%"
farmácia oswaldo cruz,Corresp. de frase,Ativado,Ativado,Ativado,"R$ 10,62",10,"18,87%"
farmácia 24h oswaldo cruz,Corresp. exata,Ativado,Ativado,Ativado,"R$ 0,00",0,"0,00%"
comprar remédio oswaldo cruz,Corresp. de frase,Ativado,Ativado,Ativado,"R$ 0,00",0,"0,00%"
remédio genérico oswaldo cruz,Corresp. de frase,Ativado,Ativado,Ativado,"R$ 0,00",0,"0,00%"
farmácia que entrega oswaldo cruz,Corresp. de frase,Ativado,Ativado,Ativado,"R$ 0,00",0,"0,00%"
comprar remédio osvaldo cruz,Corresp. de frase,Ativado,Ativado,Ativado,"R$ 0,00",0,"0,00%"
remédio genérico oswaldo cruz,Corresp. exata,Ativado,Ativado,Ativado,"R$ 0,00",0,"0,00%"
remédio genérico osvaldo cruz,Corresp. de frase,Ativado,Ativado,Ativado,"R$ 0,00",0,"0,00%"
farmácia que entrega osvaldo cruz,Corresp. de frase,Ativado,Ativado,Ativado,"R$ 0,00",0,"0,00%"
remédio genérico osvaldo cruz,Corresp. exata,Ativado,Ativado,Ativado,"R$ 0,00",0,"0,00%"
farmácia 24h osvaldo cruz,Corresp. exata,Ativado,Ativado,Ativado,"R$ 0,00",0,"0,00%"
