Pesquisar,Custo,Cliques,Impressões,Conversões
farmacia perto de mim,"R$ 11,39",10,91,"0,00"
farmácia perto de mim,"R$ 1,20",1,34,"0,00"
drogaria osvaldo cruz,"R$ 0,44",1,16,"0,00"
farmácia oswaldo cruz,"R$ 2,36",2,14,"0,00"
farmácia próximo a mim,"R$ 1,19",1,14,"0,00"
farmácia mais próxima,"R$ 1,19",1,13,"0,00"
farmácia popular perto de mim,"R$ 0,00",0,13,"0,00"
farmácia em oswaldo cruz,"R$ 2,64",3,11,"0,00"
farmácia próxima,"R$ 0,89",1,11,"0,00"
farmacia perto,"R$ 3,50",3,10,"0,00"
farmacia oswaldo cruz,"R$ 1,20",1,9,"0,00"
farmacia osvaldo cruz,"R$ 3,58",3,8,"0,00"
farmácia mais próxima de mim,"R$ 1,68",2,8,"0,00"
farmácias perto de mim,"R$ 1,16",1,7,"0,00"
farmacias proximas a mim,"R$ 2,02",2,6,"0,00"
farmacia perto de mim abertos agora,"R$ 0,00",0,5,"0,00"
farmácia perto de mim dentro de 400 m,"R$ 0,00",0,5,"0,00"
droga raia mais próxima,"R$ 0,00",0,4,"0,00"
drogasil mais próxima,"R$ 0,00",0,4,"0,00"
farmacia mais perto de mim,"R$ 0,00",0,4,"0,00"
farmacias por perto,"R$ 0,00",0,4,"0,00"
número de farmácia perto de mim,"R$ 1,20",1,4,"0,00"
farmacia aqui perto,"R$ 0,00",0,3,"0,00"
farmacia mais proxima,"R$ 0,00",0,3,"0,00"
farmácia osvaldo cruz,"R$ 0,29",1,3,"0,00"
farmácia perto de mim agora,"R$ 0,00",0,3,"0,00"
farmácia que aplica injeção perto de mim,"R$ 2,30",2,3,"0,00"
drogaria mais próximo,"R$ 0,00",0,2,"0,00"
drogaria pacheco perto de mim,"R$ 0,00",0,2,"0,00"
drogaria raia perto de mim,"R$ 0,00",0,2,"0,00"
drogasil perto de mim,"R$ 0,00",0,2,"0,00"
farmacia de manipulação perto de mim,"R$ 0,00",0,2,"0,00"
farmacia em osvaldo cruz,"R$ 0,00",0,2,"0,00"
farmacia mais próxima,"R$ 0,00",0,2,"0,00"
farmacia por perto,"R$ 1,16",1,2,"0,00"
farmacia próximo,"R$ 1,20",1,2,"0,00"
farmacias próximas a mim,"R$ 0,00",0,2,"0,00"
farmácia oswaldo cruz rj,"R$ 0,88",1,2,"0,00"
farmácia perto,"R$ 1,16",1,2,"0,00"
farmácia popular sus perto de mim,"R$ 0,63",1,2,"0,00"
farmácias próximas de mim,"R$ 0,00",0,2,"0,00"
droga raia mais proxima,"R$ 0,00",0,1,"0,00"
drogalira 24 horas osvaldo cruz,"R$ 0,00",0,1,"0,00"
drogaria mais proxima,"R$ 0,00",0,1,"0,00"
drogaria mais próximo de mim,"R$ 0,00",0,1,"0,00"
drogaria near me,"R$ 0,00",0,1,"0,00"
drogaria oswaldo cruz,"R$ 0,00",0,1,"0,00"
drogaria sao paulo mais próximo,"R$ 0,00",0,1,"0,00"
drogarias próximas,"R$ 0,00",0,1,"0,00"
farmacia andrade araujo oswaldo cruz telefone,"R$ 0,00",0,1,"0,00"
farmacia futura oswaldo cruz,"R$ 0,00",0,1,"0,00"
farmacia mais próximo,"R$ 1,20",1,1,"0,00"
farmacia mais próximo de mim,"R$ 0,00",0,1,"0,00"
farmacia near me,"R$ 0,00",0,1,"0,00"
farmacia perto de mim dentro de 400 m,"R$ 0,00",0,1,"0,00"
farmacia perto de mim dentro de 800 m,"R$ 0,00",0,1,"0,00"
farmacia proxima,"R$ 0,00",0,1,"0,00"
farmacia proxima a mim,"R$ 0,00",0,1,"0,00"
farmacia raia mais próximo,"R$ 0,00",0,1,"0,00"
farmacias perto de mim,"R$ 0,00",0,1,"0,00"
farmácia aberta perto de mim,"R$ 0,00",0,1,"0,00"
farmácia de manipulação perto de mim,"R$ 0,00",0,1,"0,00"
farmácia em osvaldo cruz,"R$ 0,00",0,1,"0,00"
farmácia pacheco mais próximo,"R$ 0,00",0,1,"0,00"
farmácia perto da minha localização,"R$ 0,00",0,1,"0,00"
farmácia perto de mim aberta,"R$ 0,00",0,1,"0,00"
farmácia proximo,"R$ 0,00",0,1,"0,00"
farmácia próximo,"R$ 0,00",0,1,"0,00"
farmácias perto de mim aberta,"R$ 0,00",0,1,"0,00"
farmácias perto de mim dentro de 400 m,"R$ 0,00",0,1,"0,00"
pacheco perto de mim,"R$ 0,00",0,1,"0,00"
ultrafarma perto de mim,"R$ 0,00",0,1,"0,00"
