Palavra,Custo,Cliques,Impressões,Conversões,Principais consultas com a palavra
mim,"R$ 22,76",21,224,"0,00","(farmacia perto de mim, farmácia perto de mim, farmácia próximo a mim)"
perto,"R$ 23,70",21,211,"0,00","(farmacia perto de mim, farmácia perto de mim, farmácia popular perto de mim)"
de mim,"R$ 19,56",18,201,"0,00","(farmacia perto de mim, farmácia perto de mim, farmácia popular perto de mim)"
farmacia,"R$ 23,23",20,153,"0,00","(farmacia perto de mim, farmacia perto, farmacia oswaldo cruz)"
farmácia,"R$ 17,61",18,150,"0,00","(farmácia perto de mim, farmácia oswaldo cruz, farmácia próximo a mim)"
cruz,"R$ 11,39",12,70,"0,00","(drogaria osvaldo cruz, farmácia oswaldo cruz, farmácia em oswaldo cruz)"
mais,"R$ 4,07",4,48,"0,00","(farmácia mais próxima, farmácia mais próxima de mim, droga raia mais próxima)"
próxima,"R$ 3,76",4,42,"0,00","(farmácia mais próxima, farmácia próxima, farmácia mais próxima de mim)"
oswaldo cruz,"R$ 7,08",7,39,"0,00","(farmácia oswaldo cruz, farmácia em oswaldo cruz, farmacia oswaldo cruz)"
osvaldo cruz,"R$ 4,31",5,31,"0,00","(drogaria osvaldo cruz, farmacia osvaldo cruz, farmácia osvaldo cruz)"
drogaria,"R$ 0,44",1,27,"0,00","(drogaria osvaldo cruz, drogaria mais próximo, drogaria pacheco perto de mim)"
próximo,"R$ 3,59",3,25,"0,00","(farmácia próximo a mim, drogaria mais próximo, farmacia próximo)"
a mim,"R$ 3,21",3,23,"0,00","(farmácia próximo a mim, farmacias proximas a mim, farmacias próximas a mim)"
popular,"R$ 0,63",1,15,"0,00","(farmácia popular perto de mim, farmácia popular sus perto de mim)"
em,"R$ 2,64",3,14,"0,00","(farmácia em oswaldo cruz, farmacia em osvaldo cruz, farmácia em osvaldo cruz)"
farmacias,"R$ 2,02",2,13,"0,00","(farmacias proximas a mim, farmacias por perto, farmacias próximas a mim)"
farmácias,"R$ 1,16",1,11,"0,00","(farmácias perto de mim, farmácias próximas de mim, farmácias perto de mim aberta)"
m dentro,"R$ 0,00",0,8,"0,00","(farmácia perto de mim dentro de 400 m, farmacia perto de mim dentro de 400 m, farmacia perto de mim dentro de 800 m)"
raia,"R$ 0,00",0,8,"0,00","(droga raia mais próxima, drogaria raia perto de mim, droga raia mais proxima)"
agora,"R$ 0,00",0,8,"0,00","(farmacia perto de mim abertos agora, farmácia perto de mim agora)"
proxima,"R$ 0,00",0,7,"0,00","(farmacia mais proxima, droga raia mais proxima, drogaria mais proxima)"
400 m,"R$ 0,00",0,7,"0,00","(farmácia perto de mim dentro de 400 m, farmacia perto de mim dentro de 400 m, farmácias perto de mim dentro de 400 m)"
proximas,"R$ 2,02",2,6,"0,00",(farmacias proximas a mim)
drogasil,"R$ 0,00",0,6,"0,00","(drogasil mais próxima, drogasil perto de mim)"
por perto,"R$ 1,16",1,6,"0,00","(farmacias por perto, farmacia por perto)"
droga raia,"R$ 0,00",0,5,"0,00","(droga raia mais próxima, droga raia mais proxima)"
abertos,"R$ 0,00",0,5,"0,00",(farmacia perto de mim abertos agora)
próximas,"R$ 0,00",0,5,"0,00","(farmacias próximas a mim, farmácias próximas de mim, drogarias próximas)"
número,"R$ 1,20",1,4,"0,00",(número de farmácia perto de mim)
pacheco,"R$ 0,00",0,4,"0,00","(drogaria pacheco perto de mim, farmácia pacheco mais próximo, pacheco perto de mim)"
aplica,"R$ 2,30",2,3,"0,00",(farmácia que aplica injeção perto de mim)
que,"R$ 2,30",2,3,"0,00",(farmácia que aplica injeção perto de mim)
injeção,"R$ 2,30",2,3,"0,00",(farmácia que aplica injeção perto de mim)
aberta,"R$ 0,00",0,3,"0,00","(farmácia aberta perto de mim, farmácia perto de mim aberta, farmácias perto de mim aberta)"
aqui,"R$ 0,00",0,3,"0,00",(farmacia aqui perto)
manipulação perto,"R$ 0,00",0,3,"0,00","(farmacia de manipulação perto de mim, farmácia de manipulação perto de mim)"
rj,"R$ 0,88",1,2,"0,00",(farmácia oswaldo cruz rj)
near me,"R$ 0,00",0,2,"0,00","(drogaria near me, farmacia near me)"
sus,"R$ 0,63",1,2,"0,00",(farmácia popular sus perto de mim)
telefone,"R$ 0,00",0,1,"0,00",(farmacia andrade araujo oswaldo cruz telefone)
drogalira,"R$ 0,00",0,1,"0,00",(drogalira 24 horas osvaldo cruz)
futura,"R$ 0,00",0,1,"0,00",(farmacia futura oswaldo cruz)
proximo,"R$ 0,00",0,1,"0,00",(farmácia proximo)
800,"R$ 0,00",0,1,"0,00",(farmacia perto de mim dentro de 800 m)
localização,"R$ 0,00",0,1,"0,00",(farmácia perto da minha localização)
drogarias,"R$ 0,00",0,1,"0,00",(drogarias próximas)
24,"R$ 0,00",0,1,"0,00",(drogalira 24 horas osvaldo cruz)
horas,"R$ 0,00",0,1,"0,00",(drogalira 24 horas osvaldo cruz)
araujo,"R$ 0,00",0,1,"0,00",(farmacia andrade araujo oswaldo cruz telefone)
sao,"R$ 0,00",0,1,"0,00",(drogaria sao paulo mais próximo)
andrade,"R$ 0,00",0,1,"0,00",(farmacia andrade araujo oswaldo cruz telefone)
ultrafarma,"R$ 0,00",0,1,"0,00",(ultrafarma perto de mim)
minha,"R$ 0,00",0,1,"0,00",(farmácia perto da minha localização)
da,"R$ 0,00",0,1,"0,00",(farmácia perto da minha localização)
paulo,"R$ 0,00",0,1,"0,00",(drogaria sao paulo mais próximo)
